N,ThreadsPerBlock,CPU_Add_ms,CPU_Mul_ms,GPU_Add_Kernel_ms,GPU_Mul_Kernel_ms,Total_GPU_ms,Add_Speedup,Mul_Speedup,EndToEnd_Speedup,Add_Correct,Mul_Correct
1000,256,0.000200,0.000200,0.022528,0.014336,0.090752,0.008878,0.013951,0.004408,PASS,PASS
10000,256,0.001700,0.001300,0.024576,0.044032,0.211424,0.069173,0.029524,0.014189,PASS,PASS
100000,256,0.017000,0.016800,0.022016,0.026720,0.340480,0.772166,0.628743,0.099272,PASS,PASS
1000000,256,0.216400,0.212900,0.026752,0.010240,1.297984,8.089115,20.791016,0.330744,PASS,PASS
10000000,256,3.560000,3.483400,0.317664,0.331776,12.779392,11.206810,10.499253,0.551153,PASS,PASS
1000,256,0.000200,0.000200,0.025792,0.046272,0.198624,0.007754,0.004322,0.002014,PASS,PASS
1000,256,0.000200,0.000200,0.009280,0.015360,0.071168,0.021552,0.013021,0.005621,PASS,PASS
1000,256,0.000200,0.000200,0.027808,0.046976,0.214080,0.007192,0.004257,0.001868,PASS,PASS
10000,256,0.001700,0.001300,0.023552,0.046080,0.200672,0.072181,0.028212,0.014950,PASS,PASS
10000,256,0.001700,0.001300,0.016384,0.013312,0.093088,0.103760,0.097656,0.032228,PASS,PASS
100000,256,0.018600,0.019000,0.037792,0.007168,0.249632,0.492168,2.650670,0.150622,PASS,PASS
100000,256,0.017600,0.017700,0.023872,0.006144,0.254272,0.737265,2.880859,0.138828,PASS,PASS
1000000,256,0.269700,0.248500,0.027040,0.010240,1.477824,9.974113,24.267579,0.350651,PASS,PASS
1000000,256,0.299000,0.272400,0.027296,0.010240,1.253728,10.953986,26.601563,0.455761,PASS,PASS
10000000,256,3.612100,3.217000,0.315808,0.330752,11.022336,11.437646,9.726321,0.619569,PASS,PASS
10000000,256,3.429400,3.232800,0.317920,0.324608,11.101696,10.786990,9.959089,0.600107,PASS,PASS
10000000,128,3.507600,3.222100,0.315840,0.329728,13.042304,11.105623,9.771994,0.515990,PASS,PASS
10000000,128,3.341700,3.210200,0.382624,0.329728,11.165056,8.733639,9.735903,0.586822,PASS,PASS
10000000,256,3.300100,3.282700,0.368544,0.334848,11.115424,8.954426,9.803553,0.592222,PASS,PASS
10000000,256,3.596900,3.241400,0.318656,0.333824,12.994624,11.287721,9.709907,0.526241,PASS,PASS
10000000,512,3.279000,3.429200,0.316864,0.327680,10.908672,10.348288,10.465088,0.614942,PASS,PASS
10000000,512,3.666400,3.521300,0.315584,0.330752,11.003936,11.617826,10.646346,0.653194,PASS,PASS
10000000,512,3.562800,3.239900,0.315552,0.333824,10.922048,11.290691,9.705413,0.622841,PASS,PASS
